ANZSCO,Occupation,National future Demand,Shortage Driver,National Shortage Rating,New South Wales Shortage Rating,Victoria Shortage Rating,Queensland Shortage Rating,South Australia Shortage Rating,Western Australia Shortage Rating,Tasmania Shortage Rating,Northern Territory Shortage Rating,Australian Capital Territory Shortage Rating
1111,Chief Executives and Managing Directors,At economy-wide average,,No Shortage,No Shortage,No Shortage,No Shortage,No Shortage,No Shortage,No Shortage,Shortage,No Shortage
1112,General Managers,At economy-wide average,,No Shortage,No Shortage,No Shortage,No Shortage,No Shortage,No Shortage,No Shortage,Shortage,No Shortage
1211,Aquaculture Farmers,Below economy-wide average,,No Shortage,Regional Shortage,No Shortage,No Shortage,No Shortage,No Shortage,No Shortage,No Shortage,No Shortage
1213,Livestock Farmers,Below economy-wide average,,No Shortage,Shortage,No Shortage,No Shortage,No Shortage,No Shortage,No Shortage,No Shortage,No Shortage
1215,Broadacre Crop Growers,Below economy-wide average,,No Shortage,Regional Shortage,No Shortage,No Shortage,No Shortage,No Shortage,No Shortage,No Shortage,No Shortage
1216,Horticultural Crop Growers,Below economy-wide average,,No Shortage,Shortage,No Shortage,No Shortage,No Shortage,No Shortage,No Shortage,No Shortage,No Shortage
1217,Mixed Production Farmers,Below economy-wide average,,No Shortage,Shortage,No Shortage,No Shortage,No Shortage,No Shortage,No Shortage,No Shortage,No Shortage
1311,"Advertising, Public Relations and Sales Managers",At economy-wide average,Suitability Gap,Shortage,Shortage,Shortage,Shortage,Shortage,Shortage,Shortage,Shortage,Shortage
1321,Corporate Services Managers,At economy-wide average,,No Shortage,No Shortage,No Shortage,No Shortage,No Shortage,No Shortage,No Shortage,Shortage,No Shortage
1322,Finance Managers,At economy-wide average,,No Shortage,No Shortage,No Shortage,No Shortage,No Shortage,No Shortage,No Shortage,Shortage,No Shortage
1323,Human Resource Managers,At economy-wide average,,No Shortage,No Shortage,No Shortage,No Shortage,No Shortage,Shortage,No Shortage,Shortage,No Shortage
1324,Policy and Planning Managers,At economy-wide average,,No Shortage,No Shortage,No Shortage,No Shortage,No Shortage,No Shortage,No Shortage,Shortage,No Shortage
1325,Research and Development Managers,At economy-wide average,,No Shortage,No Shortage,No Shortage,No Shortage,No Shortage,No Shortage,No Shortage,Shortage,No Shortage
1331,Construction Managers,At economy-wide average,Suitability Gap,Shortage,Shortage,Shortage,Shortage,Shortage,Shortage,Shortage,Shortage,Shortage
1332,Engineering Managers,At economy-wide average,Suitability Gap,Shortage,Shortage,Shortage,Shortage,Shortage,Shortage,Shortage,Shortage,Shortage
1333,"Importers, Exporters and Wholesalers",At economy-wide average,,No Shortage,No Shortage,No Shortage,No Shortage,No Shortage,No Shortage,No Shortage,No Shortage,No Shortage
1334,Manufacturers,At economy-wide average,,No Shortage,Shortage,No Shortage,Shortage,No Shortage,Shortage,No Shortage,No Shortage,No Shortage
1335,Production Managers,At economy-wide average,,No Shortage,No Shortage,No Shortage,No Shortage,No Shortage,No Shortage,No Shortage,No Shortage,No Shortage
1336,"Supply, Distribution and Procurement Managers",At economy-wide average,,No Shortage,No Shortage,No Shortage,No Shortage,No Shortage,No Shortage,No Shortage,Shortage,No Shortage
1341,Child Care Centre Managers,At economy-wide average,,No Shortage,No Shortage,No Shortage,No Shortage,No Shortage,Shortage,No Shortage,No Shortage,No Shortage
1342,Health and Welfare Services Managers,At economy-wide average,,No Shortage,No Shortage,No Shortage,No Shortage,Regional Shortage,Shortage,No Shortage,Shortage,No Shortage
1343,School Principals,At economy-wide average,,No Shortage,No Shortage,No Shortage,No Shortage,No Shortage,Shortage,No Shortage,No Shortage,No Shortage
1344,Other Education Managers,At economy-wide average,,No Shortage,No Shortage,No Shortage,No Shortage,No Shortage,No Shortage,No Shortage,No Shortage,No Shortage
1351,ICT Managers,At economy-wide average,,No Shortage,No Shortage,No Shortage,No Shortage,No Shortage,No Shortage,No Shortage,Shortage,No Shortage
1399,Other Specialist Managers,At economy-wide average,,No Shortage,No Shortage,Shortage,No Shortage,No Shortage,No Shortage,No Shortage,Shortage,No Shortage
1411,Cafe and Restaurant Managers,At economy-wide average,,No Shortage,No Shortage,No Shortage,No Shortage,No Shortage,No Shortage,No Shortage,Shortage,No Shortage
1412,Caravan Park and Camping Ground Managers,At economy-wide average,,No Shortage,Shortage,No Shortage,No Shortage,No Shortage,No Shortage,No Shortage,No Shortage,No Shortage
1413,Hotel and Motel Managers,At economy-wide average,,No Shortage,No Shortage,No Shortage,No Shortage,No Shortage,Shortage,No Shortage,Shortage,No Shortage
1414,Licensed Club Managers,At economy-wide average,,No Shortage,No Shortage,No Shortage,No Shortage,No Shortage,No Shortage,No Shortage,No Shortage,No Shortage
1419,Other Accommodation and Hospitality Managers,At economy-wide average,Yet to be Determined,Shortage,Shortage,No Shortage,Shortage,Shortage,No Shortage,Shortage,Shortage,Shortage
1421,Retail Managers,At economy-wide average,Short Training Gap,Regional Shortage,Regional Shortage,Regional Shortage,Regional Shortage,Regional Shortage,Regional Shortage,Regional Shortage,Shortage,No Shortage
1491,"Amusement, Fitness and Sports Centre Managers",At economy-wide average,,No Shortage,No Shortage,No Shortage,No Shortage,No Shortage,No Shortage,No Shortage,No Shortage,No Shortage
1492,Call or Contact Centre and Customer Service Managers,At economy-wide average,,No Shortage,No Shortage,No Shortage,No Shortage,No Shortage,No Shortage,No Shortage,Shortage,No Shortage
1493,Conference and Event Organisers,At economy-wide average,,No Shortage,No Shortage,No Shortage,No Shortage,No Shortage,Shortage,No Shortage,Shortage,No Shortage
1494,Transport Services Managers,At economy-wide average,,No Shortage,No Shortage,No Shortage,No Shortage,No Shortage,No Shortage,No Shortage,No Shortage,No Shortage
1499,"Other Hospitality, Retail and Service Managers",At economy-wide average,,No Shortage,No Shortage,No Shortage,No Shortage,No Shortage,No Shortage,No Shortage,No Shortage,No Shortage
2111,"Actors, Dancers and Other Entertainers",At economy-wide average,,No Shortage,No Shortage,No Shortage,No Shortage,No Shortage,No Shortage,No Shortage,No Shortage,No Shortage
2112,Music Professionals,At economy-wide average,,No Shortage,No Shortage,No Shortage,No Shortage,No Shortage,No Shortage,No Shortage,No Shortage,No Shortage
2113,Photographers,At economy-wide average,,No Shortage,No Shortage,No Shortage,No Shortage,No Shortage,No Shortage,No Shortage,No Shortage,No Shortage
2114,Visual Arts and Crafts Professionals,At economy-wide average,,No Shortage,No Shortage,No Shortage,No Shortage,No Shortage,No Shortage,No Shortage,No Shortage,No Shortage
2121,"Artistic Directors, and Media Producers and Presenters",At economy-wide average,,No Shortage,No Shortage,No Shortage,No Shortage,Shortage,No Shortage,No Shortage,No Shortage,No Shortage
2122,"Authors, and Book and Script Editors",At economy-wide average,,No Shortage,No Shortage,No Shortage,No Shortage,No Shortage,No Shortage,No Shortage,No Shortage,No Shortage
2123,"Film, Television, Radio and Stage Directors",At economy-wide average,,No Shortage,No Shortage,No Shortage,No Shortage,Shortage,No Shortage,No Shortage,No Shortage,No Shortage
2124,Journalists and Other Writers,At economy-wide average,,No Shortage,No Shortage,No Shortage,No Shortage,No Shortage,No Shortage,No Shortage,No Shortage,No Shortage
2211,Accountants,At economy-wide average,,No Shortage,No Shortage,No Shortage,No Shortage,No Shortage,No Shortage,No Shortage,Shortage,No Shortage
2212,"Auditors, Company Secretaries and Corporate Treasurers",At economy-wide average,Suitability Gap,Shortage,Shortage,Shortage,Shortage,Shortage,Shortage,Shortage,Shortage,Shortage
2221,Financial Brokers,At economy-wide average,,No Shortage,No Shortage,No Shortage,No Shortage,No Shortage,No Shortage,No Shortage,Shortage,No Shortage
2222,Financial Dealers,Below economy-wide average,,No Shortage,No Shortage,No Shortage,No Shortage,No Shortage,No Shortage,No Shortage,No Shortage,No Shortage
2223,Financial Investment Advisers and Managers,Below economy-wide average,Suitability Gap,Shortage,Shortage,No Shortage,Shortage,Shortage,Shortage,Shortage,Shortage,Shortage
2231,Human Resource Professionals,Above economy-wide average,Retention Gap,Shortage,Shortage,Shortage,No Shortage,Shortage,No Shortage,No Shortage,Shortage,No Shortage
2233,Training and Development Professionals,At economy-wide average,,No Shortage,No Shortage,No Shortage,No Shortage,No Shortage,No Shortage,No Shortage,Shortage,No Shortage
2241,Mathematical Science Professionals,Above economy-wide average,,No Shortage,Shortage,No Shortage,No Shortage,Shortage,No Shortage,No Shortage,No Shortage,No Shortage
2242,"Archivists, Curators and Records Managers",At economy-wide average,,No Shortage,No Shortage,No Shortage,No Shortage,No Shortage,No Shortage,No Shortage,No Shortage,No Shortage
2243,Economists,At economy-wide average,,No Shortage,No Shortage,No Shortage,No Shortage,No Shortage,No Shortage,No Shortage,No Shortage,No Shortage
2244,Intelligence and Policy Analysts,At economy-wide average,,No Shortage,No Shortage,No Shortage,No Shortage,No Shortage,No Shortage,No Shortage,No Shortage,No Shortage
2245,Land Economists and Valuers,At economy-wide average,,No Shortage,No Shortage,No Shortage,No Shortage,No Shortage,No Shortage,No Shortage,No Shortage,No Shortage
2246,Librarians,At economy-wide average,,No Shortage,No Shortage,No Shortage,No Shortage,No Shortage,No Shortage,No Shortage,No Shortage,No Shortage
2247,Management and Organisation Analysts,Above economy-wide average,,No Shortage,No Shortage,No Shortage,No Shortage,No Shortage,No Shortage,No Shortage,Shortage,No Shortage
2249,Other Information and Organisation Professionals,Above economy-wide average,,No Shortage,No Shortage,Shortage,No Shortage,No Shortage,No Shortage,No Shortage,No Shortage,No Shortage
2251,Advertising and Marketing Professionals,At economy-wide average,Suitability Gap,Shortage,Shortage,Shortage,Shortage,Shortage,No Shortage,Shortage,Shortage,Shortage
2252,ICT Sales Professionals,At economy-wide average,,No Shortage,No Shortage,No Shortage,No Shortage,No Shortage,No Shortage,No Shortage,No Shortage,No Shortage
2253,Public Relations Professionals,At economy-wide average,,No Shortage,No Shortage,No Shortage,No Shortage,No Shortage,No Shortage,No Shortage,No Shortage,No Shortage
2254,Technical Sales Representatives,At economy-wide average,Short Training Gap,Shortage,Shortage,Shortage,Shortage,Shortage,No Shortage,Shortage,Shortage,No Shortage
2311,Air Transport Professionals,Below economy-wide average,Yet to be Determined,Shortage,Shortage,Shortage,Regional Shortage,Shortage,Shortage,Shortage,Shortage,Shortage
2312,Marine Transport Professionals,Below economy-wide average,,No Shortage,No Shortage,No Shortage,Shortage,No Shortage,No Shortage,No Shortage,Shortage,Shortage
2321,Architects and Landscape Architects,At economy-wide average,Suitability Gap,Shortage,Shortage,Shortage,Shortage,Shortage,Shortage,Shortage,Shortage,Shortage
2322,Surveyors and Spatial Scientists,At economy-wide average,Long Training Gap,Shortage,Shortage,Shortage,Shortage,Shortage,Shortage,Shortage,Shortage,Shortage
2323,"Fashion, Industrial and Jewellery Designers",At economy-wide average,,No Shortage,No Shortage,No Shortage,No Shortage,No Shortage,No Shortage,No Shortage,No Shortage,No Shortage
2324,"Graphic and Web Designers, and Illustrators",At economy-wide average,,No Shortage,No Shortage,No Shortage,No Shortage,No Shortage,No Shortage,No Shortage,Shortage,No Shortage
2325,Interior Designers,At economy-wide average,Suitability Gap,Shortage,Shortage,Shortage,Shortage,Shortage,No Shortage,Shortage,No Shortage,Shortage
2326,Urban and Regional Planners,At economy-wide average,Suitability Gap,Regional Shortage,Shortage,Regional Shortage,Regional Shortage,Shortage,Regional Shortage,Regional Shortage,Regional Shortage,No Shortage
2331,Chemical and Materials Engineers,At economy-wide average,Yet to be Determined,Shortage,Shortage,Shortage,Shortage,Shortage,Shortage,Shortage,Shortage,Shortage
2332,Civil Engineering Professionals,At economy-wide average,Suitability Gap,Shortage,Shortage,Shortage,Shortage,Shortage,Shortage,Shortage,Shortage,Shortage
2333,Electrical Engineers,At economy-wide average,Suitability Gap,Shortage,Shortage,Shortage,Shortage,Shortage,Shortage,Shortage,Shortage,Shortage
2334,Electronics Engineers,Below economy-wide average,Suitability Gap,Shortage,Shortage,Shortage,Shortage,Shortage,Shortage,Shortage,Shortage,Shortage
2335,"Industrial, Mechanical and Production Engineers",Below economy-wide average,Suitability Gap,Shortage,Shortage,Shortage,Shortage,Shortage,Shortage,Shortage,Shortage,Shortage
2336,Mining Engineers,Below economy-wide average,Suitability Gap,Shortage,Shortage,Shortage,Shortage,Shortage,Shortage,Shortage,Shortage,Shortage
2339,Other Engineering Professionals,At economy-wide average,Yet to be Determined,Shortage,Shortage,Shortage,Shortage,Shortage,Shortage,Shortage,No Shortage,Shortage
2341,"Agricultural, Fisheries and Forestry Scientists",At economy-wide average,Suitability Gap,Shortage,Shortage,Shortage,Shortage,Shortage,Shortage,Shortage,Shortage,Shortage
2342,"Chemists, and Food and Wine Scientists",At economy-wide average,,No Shortage,No Shortage,No Shortage,No Shortage,No Shortage,No Shortage,No Shortage,No Shortage,No Shortage
2343,Environmental Scientists,At economy-wide average,,No Shortage,No Shortage,No Shortage,No Shortage,No Shortage,No Shortage,No Shortage,Shortage,No Shortage
2344,"Geologists, Geophysicists and Hydrogeologists",At economy-wide average,Suitability Gap,Shortage,Shortage,Shortage,Shortage,Shortage,Shortage,Shortage,Shortage,Shortage
2345,Life Scientists,At economy-wide average,,No Shortage,No Shortage,No Shortage,No Shortage,No Shortage,No Shortage,No Shortage,No Shortage,No Shortage
2346,Medical Scientists,At economy-wide average,,No Shortage,No Shortage,No Shortage,No Shortage,No Shortage,No Shortage,No Shortage,Shortage,No Shortage
2347,Veterinarians,At economy-wide average,Long Training Gap,Shortage,Shortage,Shortage,Shortage,Shortage,Shortage,Shortage,Shortage,Shortage
2349,Other Natural and Physical Science Professionals,At economy-wide average,,No Shortage,No Shortage,No Shortage,No Shortage,No Shortage,No Shortage,No Shortage,No Shortage,No Shortage
2411,Early Childhood (Pre-primary School) Teachers,At economy-wide average,Long Training Gap,Shortage,Shortage,Shortage,Shortage,Shortage,Shortage,Shortage,Shortage,Shortage
2412,Primary School Teachers,At economy-wide average,Long Training Gap,Shortage,Shortage,Shortage,Shortage,Shortage,Shortage,Shortage,Shortage,Shortage
2413,Middle School Teachers / Intermediate School Teachers,At economy-wide average,Long Training Gap,Shortage,Shortage,Shortage,Shortage,Shortage,Shortage,No Shortage,Shortage,No Shortage
2414,Secondary School Teachers,At economy-wide average,Long Training Gap,Shortage,Shortage,Shortage,Shortage,Shortage,Shortage,Shortage,Shortage,Shortage
2415,Special Education Teachers,At economy-wide average,Long Training Gap,Shortage,Shortage,Shortage,Shortage,Shortage,Shortage,Shortage,Shortage,Shortage
2421,University Lecturers and Tutors,At economy-wide average,,No Shortage,No Shortage,No Shortage,No Shortage,No Shortage,No Shortage,No Shortage,Shortage,No Shortage
2422,Vocational Education Teachers / Polytechnic Teachers,At economy-wide average,Long Training Gap,Shortage,Shortage,Shortage,Shortage,Shortage,Shortage,Shortage,Shortage,Shortage
2491,Education Advisers and Reviewers,At economy-wide average,,No Shortage,No Shortage,Shortage,No Shortage,No Shortage,No Shortage,No Shortage,No Shortage,No Shortage
2492,Private Tutors and Teachers,At economy-wide average,,No Shortage,No Shortage,No Shortage,No Shortage,No Shortage,No Shortage,No Shortage,No Shortage,No Shortage
2493,Teachers of English to Speakers of Other Languages,At economy-wide average,,No Shortage,No Shortage,No Shortage,No Shortage,No Shortage,No Shortage,No Shortage,No Shortage,No Shortage
2511,Nutrition Professionals,At economy-wide average,,No Shortage,No Shortage,No Shortage,Regional Shortage,No Shortage,No Shortage,No Shortage,Shortage,No Shortage
2512,Medical Imaging Professionals,At economy-wide average,Long Training Gap,Shortage,Shortage,Shortage,Shortage,Shortage,Shortage,Shortage,Shortage,Shortage
2513,Occupational and Environmental Health Professionals,At economy-wide average,,No Shortage,No Shortage,No Shortage,No Shortage,No Shortage,No Shortage,No Shortage,Shortage,No Shortage
2514,Optometrists and Orthoptists,At economy-wide average,Long Training Gap,Shortage,Shortage,Shortage,Regional Shortage,Shortage,Shortage,Shortage,Shortage,Shortage
2515,Pharmacists,At economy-wide average,Long Training Gap,Shortage,Shortage,Shortage,Shortage,Shortage,Shortage,Shortage,Shortage,Shortage
2519,Other Health Diagnostic and Promotion Professionals,At economy-wide average,,No Shortage,No Shortage,No Shortage,No Shortage,No Shortage,No Shortage,No Shortage,Shortage,No Shortage
2521,Chiropractors and Osteopaths,At economy-wide average,,No Shortage,No Shortage,No Shortage,No Shortage,No Shortage,Shortage,No Shortage,No Shortage,No Shortage
2522,Complementary Health Therapists,Below economy-wide average,,No Shortage,No Shortage,No Shortage,No Shortage,No Shortage,No Shortage,No Shortage,No Shortage,No Shortage
2523,Dental Practitioners,Below economy-wide average,Long Training Gap,Shortage,Shortage,Shortage,Regional Shortage,Shortage,Shortage,Shortage,Shortage,Shortage
2524,Occupational Therapists,At economy-wide average,Long Training Gap,Shortage,Shortage,Shortage,Shortage,Shortage,Shortage,Shortage,Shortage,Shortage
2525,Physiotherapists,At economy-wide average,Long Training Gap,Shortage,Shortage,Shortage,Shortage,Shortage,Shortage,Shortage,Shortage,Shortage
2526,Podiatrists,Below economy-wide average,Long Training Gap,Shortage,Shortage,Shortage,Shortage,Shortage,Shortage,Shortage,Shortage,Shortage
2527,Audiologists and Speech Pathologists / Therapists,At economy-wide average,Long Training Gap,Shortage,Shortage,Shortage,Shortage,Shortage,Shortage,Shortage,Shortage,Shortage
2531,General Practitioners and Resident Medical Officers,At economy-wide average,Long Training Gap,Shortage,Shortage,Shortage,Shortage,Shortage,Shortage,Shortage,Shortage,Shortage
2532,Anaesthetists,At economy-wide average,Long Training Gap,Shortage,Shortage,Shortage,Shortage,Shortage,Shortage,Shortage,Shortage,Shortage
2533,Specialist Physicians,At economy-wide average,Long Training Gap,Shortage,Shortage,Shortage,Shortage,Shortage,Shortage,Shortage,Shortage,Shortage
2534,Psychiatrists,At economy-wide average,Long Training Gap,Shortage,Shortage,Shortage,Shortage,Shortage,Shortage,Shortage,Shortage,Shortage
2535,Surgeons,At economy-wide average,Long Training Gap,Shortage,Shortage,Shortage,Shortage,Shortage,Shortage,Shortage,Shortage,Shortage
2539,Other Medical Practitioners,Below economy-wide average,Yet to be Determined,Shortage,Shortage,Shortage,Shortage,Shortage,Shortage,Shortage,Shortage,Shortage
2541,Midwives,At economy-wide average,Long Training Gap,Shortage,Shortage,Shortage,Regional Shortage,Shortage,Shortage,Shortage,Shortage,Shortage
2542,Nurse Educators and Researchers,At economy-wide average,Long Training Gap,Shortage,Shortage,Shortage,Shortage,Shortage,Shortage,Shortage,Shortage,Shortage
2543,Nurse Managers,At economy-wide average,,No Shortage,No Shortage,No Shortage,No Shortage,No Shortage,Shortage,No Shortage,No Shortage,No Shortage
2544,Registered Nurses,At economy-wide average,Long Training Gap,Shortage,Shortage,Shortage,Shortage,Shortage,Shortage,Shortage,Shortage,Shortage
2611,ICT Business and Systems Analysts,At economy-wide average,,No Shortage,No Shortage,No Shortage,No Shortage,No Shortage,No Shortage,No Shortage,Shortage,No Shortage
2612,Multimedia Specialists and Web Developers,At economy-wide average,Suitability Gap,Shortage,Shortage,Shortage,Shortage,Shortage,Shortage,Shortage,Shortage,Shortage
2613,Software and Applications Programmers,At economy-wide average,Suitability Gap,Shortage,Shortage,Shortage,Shortage,Shortage,Shortage,Shortage,Shortage,Shortage
2621,"Database and Systems Administrators, and ICT Security Specialists",Above economy-wide average,,No Shortage,No Shortage,No Shortage,No Shortage,No Shortage,No Shortage,No Shortage,No Shortage,No Shortage
2631,Computer Network Professionals,At economy-wide average,Suitability Gap,Shortage,Shortage,Shortage,Shortage,Shortage,Shortage,Shortage,Shortage,Shortage
2632,ICT Support and Test Engineers,At economy-wide average,,No Shortage,No Shortage,No Shortage,No Shortage,No Shortage,No Shortage,No Shortage,Shortage,No Shortage
2633,Telecommunications Engineering Professionals,At economy-wide average,,No Shortage,Shortage,No Shortage,No Shortage,No Shortage,No Shortage,No Shortage,No Shortage,No Shortage
2711,Barristers,At economy-wide average,,No Shortage,No Shortage,No Shortage,No Shortage,No Shortage,No Shortage,No Shortage,No Shortage,No Shortage
2712,Judicial and Other Legal Professionals,At economy-wide average,,No Shortage,No Shortage,No Shortage,No Shortage,No Shortage,No Shortage,No Shortage,No Shortage,No Shortage
2713,Solicitors,At economy-wide average,Long Training Gap,Shortage,Shortage,Shortage,Shortage,Shortage,Shortage,Shortage,Shortage,Shortage
2721,Counsellors,At economy-wide average,,No Shortage,No Shortage,No Shortage,No Shortage,No Shortage,No Shortage,No Shortage,No Shortage,No Shortage
2722,Ministers of Religion,At economy-wide average,,No Shortage,No Shortage,No Shortage,No Shortage,No Shortage,No Shortage,No Shortage,No Shortage,No Shortage
2723,Psychologists,At economy-wide average,Long Training Gap,Shortage,Shortage,Shortage,Shortage,Shortage,Shortage,Shortage,Shortage,Shortage
2724,Social Professionals,At economy-wide average,,No Shortage,No Shortage,No Shortage,No Shortage,No Shortage,No Shortage,No Shortage,No Shortage,No Shortage
2725,Social Workers,At economy-wide average,Long Training Gap,Shortage,Shortage,Shortage,Shortage,Shortage,Shortage,Shortage,Shortage,Shortage
2726,"Welfare, Recreation and Community Arts Workers",At economy-wide average,,No Shortage,No Shortage,No Shortage,No Shortage,No Shortage,No Shortage,No Shortage,Shortage,No Shortage
3111,"Agricultural, Agritech and Aquaculture Technicians",At economy-wide average,Yet to be Determined,Shortage,Shortage,Shortage,Shortage,Shortage,Shortage,Shortage,Shortage,Shortage
3112,Medical Technicians,At economy-wide average,,No Shortage,No Shortage,No Shortage,No Shortage,No Shortage,No Shortage,No Shortage,No Shortage,No Shortage
3113,Primary Products Assurance and Inspection Officers,At economy-wide average,,No Shortage,No Shortage,No Shortage,No Shortage,No Shortage,No Shortage,No Shortage,No Shortage,No Shortage
3114,Science Technicians,At economy-wide average,,No Shortage,No Shortage,No Shortage,No Shortage,No Shortage,No Shortage,No Shortage,No Shortage,No Shortage
3121,"Architectural, Building and Surveying Technicians",At economy-wide average,,No Shortage,No Shortage,No Shortage,No Shortage,No Shortage,No Shortage,No Shortage,Shortage,No Shortage
3122,Civil Engineering Draftspersons and Technicians,At economy-wide average,Retention Gap,Shortage,Shortage,Shortage,Shortage,Shortage,Shortage,Shortage,Shortage,Shortage
3123,Electrical Engineering Draftspersons and Technicians,At economy-wide average,,No Shortage,No Shortage,Shortage,No Shortage,No Shortage,No Shortage,No Shortage,No Shortage,No Shortage
3124,Electronic Engineering Draftspersons and Technicians,At economy-wide average,,No Shortage,No Shortage,No Shortage,No Shortage,Shortage,Shortage,No Shortage,No Shortage,No Shortage
3125,Mechanical Engineering Draftspersons and Technicians,At economy-wide average,Retention Gap,Shortage,Shortage,Shortage,Shortage,Shortage,Shortage,Shortage,Shortage,Shortage
3126,Safety Inspectors,At economy-wide average,,No Shortage,No Shortage,No Shortage,No Shortage,No Shortage,No Shortage,No Shortage,No Shortage,No Shortage
3129,Other Building and Engineering Technicians,At economy-wide average,Retention Gap,Shortage,No Shortage,Shortage,Shortage,No Shortage,Shortage,No Shortage,Shortage,No Shortage
3131,ICT Support Technicians,At economy-wide average,,No Shortage,No Shortage,No Shortage,No Shortage,No Shortage,No Shortage,No Shortage,Shortage,No Shortage
3132,Telecommunications Technical Specialists,At economy-wide average,,No Shortage,No Shortage,No Shortage,No Shortage,No Shortage,No Shortage,No Shortage,No Shortage,No Shortage
3211,Automotive Electricians,At economy-wide average,Long Training Gap,Shortage,Shortage,Shortage,Shortage,Shortage,Shortage,Shortage,Shortage,Shortage
3212,Motor Mechanics,Below economy-wide average,Long Training Gap,Shortage,Shortage,Shortage,Shortage,Shortage,Shortage,Shortage,Shortage,Shortage
3221,"Metal Casting, Forging and Finishing Trades Workers",Below economy-wide average,Long Training Gap,Shortage,Shortage,Shortage,Shortage,Shortage,Shortage,Shortage,Shortage,Shortage
3222,Sheetmetal Workers,At economy-wide average,Long Training Gap,Shortage,Shortage,Shortage,Shortage,Shortage,Shortage,Shortage,Shortage,Shortage
3223,Structural Steel and Welding Trades Workers,At economy-wide average,Long Training Gap,Shortage,Shortage,Shortage,Shortage,Shortage,Shortage,Shortage,Shortage,Shortage
3231,Aircraft Maintenance Engineers,At economy-wide average,Yet to be Determined,Shortage,Shortage,Shortage,Shortage,Shortage,Shortage,Shortage,Shortage,Shortage
3232,Metal Fitters and Machinists,At economy-wide average,Long Training Gap,Shortage,Shortage,Shortage,Shortage,Shortage,Shortage,Shortage,Shortage,Shortage
3233,Precision Metal Trades Workers,At economy-wide average,,No Shortage,No Shortage,Shortage,No Shortage,No Shortage,No Shortage,No Shortage,Shortage,Shortage
3234,Toolmakers and Engineering Patternmakers,At economy-wide average,Yet to be Determined,Shortage,Shortage,Shortage,Shortage,Shortage,Shortage,Shortage,No Shortage,Shortage
3241,Panelbeaters,At economy-wide average,Long Training Gap,Shortage,Shortage,Shortage,Shortage,Shortage,Shortage,Shortage,Shortage,Shortage
3242,Vehicle Body Builders and Trimmers,At economy-wide average,Long Training Gap,Shortage,Shortage,Shortage,Shortage,Shortage,Shortage,Shortage,Shortage,Shortage
3243,Vehicle Painters,At economy-wide average,Long Training Gap,Shortage,Shortage,Shortage,Shortage,Shortage,Shortage,Shortage,Shortage,Shortage
3311,Bricklayers and Stonemasons,At economy-wide average,Short Training Gap,Shortage,Shortage,Shortage,Shortage,Shortage,Shortage,Shortage,Shortage,Shortage
3312,Carpenters and Joiners,At economy-wide average,Long Training Gap,Shortage,Shortage,Shortage,Shortage,Shortage,Shortage,Shortage,Shortage,Shortage
3321,Floor Finishers,Below economy-wide average,Short Training Gap,Shortage,Shortage,Shortage,Shortage,Shortage,Shortage,Shortage,Shortage,Shortage
3322,Painters,Below economy-wide average,Long Training Gap,Shortage,Shortage,Shortage,Shortage,Shortage,Shortage,Shortage,Shortage,Shortage
3331,Glaziers,Below economy-wide average,Retention Gap,Shortage,Shortage,Shortage,Shortage,Shortage,Shortage,Shortage,Shortage,Shortage
3332,Plasterers and Renderers,Below economy-wide average,Retention Gap,Shortage,Shortage,Shortage,Shortage,Shortage,Shortage,Shortage,Shortage,Shortage
3333,Roof Tilers,Below economy-wide average,Retention Gap,Shortage,Shortage,No Shortage,Shortage,Shortage,Shortage,Shortage,Shortage,Shortage
3334,Wall and Floor Tilers,At economy-wide average,Retention Gap,Shortage,Shortage,Shortage,Shortage,Shortage,Shortage,Shortage,Shortage,Shortage
3341,Plumbers,Below economy-wide average,Long Training Gap,Shortage,Shortage,Shortage,Shortage,Shortage,Shortage,Shortage,Shortage,Shortage
3411,Electricians,Below economy-wide average,Long Training Gap,Shortage,Shortage,Shortage,Shortage,Shortage,Shortage,Shortage,Shortage,Shortage
3421,Airconditioning and Refrigeration Mechanics,At economy-wide average,Long Training Gap,Shortage,Shortage,Shortage,Shortage,Shortage,Shortage,Shortage,Shortage,Shortage
3422,Electrical Distribution Trades Workers,At economy-wide average,Long Training Gap,Shortage,Shortage,Shortage,Shortage,Shortage,Shortage,Shortage,Shortage,Shortage
3423,Electronics Trades Workers,At economy-wide average,Short Training Gap,Shortage,Shortage,Shortage,Shortage,Shortage,Shortage,Shortage,Shortage,Shortage
3424,Telecommunications Trades Workers,At economy-wide average,Short Training Gap,Shortage,Shortage,Shortage,Shortage,Shortage,Shortage,Shortage,Shortage,Shortage
3511,Bakers and Pastrycooks,At economy-wide average,Retention Gap,Shortage,Shortage,Shortage,Shortage,Shortage,Shortage,Shortage,Shortage,Shortage
3512,Butchers and Smallgoods Makers,At economy-wide average,Retention Gap,Shortage,Shortage,Shortage,Shortage,Shortage,Shortage,Shortage,Shortage,Shortage
3513,Chefs,At economy-wide average,Retention Gap,Shortage,Shortage,Shortage,Shortage,Shortage,Shortage,Shortage,Shortage,Shortage
3514,Cooks,At economy-wide average,Retention Gap,Shortage,Shortage,Shortage,Shortage,Shortage,Shortage,Shortage,Shortage,Shortage
3611,Animal Attendants and Trainers,At economy-wide average,,No Shortage,Shortage,No Shortage,No Shortage,No Shortage,No Shortage,No Shortage,No Shortage,No Shortage
3613,Veterinary Nurses,Below economy-wide average,Yet to be Determined,Shortage,Shortage,Shortage,Shortage,Shortage,Shortage,Shortage,Shortage,Shortage
3621,Florists,At economy-wide average,,No Shortage,No Shortage,No Shortage,No Shortage,No Shortage,No Shortage,No Shortage,No Shortage,No Shortage
3623,Sports Turf Managers and Trades Workers,At economy-wide average,,No Shortage,No Shortage,No Shortage,No Shortage,No Shortage,No Shortage,No Shortage,No Shortage,No Shortage
3624,Nurserypersons,At economy-wide average,Yet to be Determined,Shortage,Shortage,Shortage,Shortage,Shortage,Shortage,Shortage,Shortage,Shortage
3625,Arboriculture Workers,At economy-wide average,Long Training Gap,Shortage,Shortage,Shortage,Shortage,Shortage,Shortage,Shortage,Shortage,Shortage
3626,Gardeners (General),At economy-wide average,,No Shortage,No Shortage,No Shortage,No Shortage,No Shortage,Shortage,No Shortage,Shortage,No Shortage
3627,Landscape Gardeners and Irrigation Technicians,At economy-wide average,Short Training Gap,Shortage,Shortage,Shortage,Shortage,Shortage,Shortage,Shortage,Shortage,Shortage
3631,"Senior Aquaculture, Crop and Forestry Workers",At economy-wide average,,No Shortage,Shortage,No Shortage,No Shortage,No Shortage,No Shortage,No Shortage,No Shortage,No Shortage
3632,Senior Livestock Farm Workers,At economy-wide average,,No Shortage,Shortage,No Shortage,No Shortage,No Shortage,No Shortage,No Shortage,No Shortage,No Shortage
3633,Shearers and Wool Classers,At economy-wide average,,No Shortage,Shortage,No Shortage,No Shortage,No Shortage,No Shortage,No Shortage,No Shortage,No Shortage
3911,Hairdressers,Below economy-wide average,Long Training Gap,Shortage,Shortage,Shortage,Shortage,Shortage,Shortage,Shortage,Shortage,Shortage
3921,Print Finishers and Screen Printers,At economy-wide average,Yet to be Determined,Shortage,Shortage,Shortage,Shortage,Shortage,No Shortage,Shortage,Shortage,Shortage
3922,Graphic Pre-press Trades Workers,Below economy-wide average,Yet to be Determined,Shortage,Shortage,Shortage,Shortage,Shortage,Shortage,No Shortage,No Shortage,No Shortage
3923,Printers,At economy-wide average,,No Shortage,No Shortage,No Shortage,No Shortage,No Shortage,Shortage,No Shortage,No Shortage,No Shortage
3931,Canvas and Leather Goods Makers,Below economy-wide average,,No Shortage,No Shortage,No Shortage,No Shortage,No Shortage,No Shortage,No Shortage,No Shortage,No Shortage
3932,Clothing Trades Workers,Below economy-wide average,,No Shortage,No Shortage,No Shortage,No Shortage,No Shortage,No Shortage,No Shortage,No Shortage,No Shortage
3933,Upholsterers,Below economy-wide average,Yet to be Determined,Shortage,Shortage,Shortage,Shortage,Shortage,Shortage,Shortage,Shortage,Shortage
3941,Cabinet and Furniture Makers,Below economy-wide average,Long Training Gap,Shortage,Shortage,Shortage,Shortage,Shortage,Shortage,Shortage,Shortage,Shortage
3942,Wood Machinists and Other Wood Trades Workers,Below economy-wide average,Yet to be Determined,Shortage,Shortage,Shortage,Shortage,Shortage,No Shortage,Shortage,Shortage,Shortage
3991,Boat Builders and Shipwrights,At economy-wide average,Retention Gap,Shortage,Shortage,Shortage,Shortage,Shortage,Shortage,Shortage,Shortage,No Shortage
3992,"Chemical, Gas, Petroleum and Power Generation Plant Operators",At economy-wide average,,No Shortage,No Shortage,No Shortage,No Shortage,Shortage,No Shortage,No Shortage,No Shortage,No Shortage
3993,"Gallery, Library and Museum Technicians",At economy-wide average,,No Shortage,No Shortage,No Shortage,No Shortage,No Shortage,No Shortage,No Shortage,No Shortage,No Shortage
3994,Jewellers,At economy-wide average,,No Shortage,No Shortage,No Shortage,No Shortage,No Shortage,No Shortage,No Shortage,No Shortage,No Shortage
3995,Performing Arts Technicians,At economy-wide average,,No Shortage,No Shortage,No Shortage,No Shortage,No Shortage,No Shortage,No Shortage,No Shortage,No Shortage
3996,Signwriters,At economy-wide average,,No Shortage,No Shortage,No Shortage,No Shortage,No Shortage,No Shortage,No Shortage,Shortage,No Shortage
3999,Other Miscellaneous Technicians and Trades Workers,At economy-wide average,,No Shortage,No Shortage,No Shortage,No Shortage,No Shortage,No Shortage,No Shortage,Shortage,No Shortage
4111,Ambulance Officers and Paramedics,At economy-wide average,Retention Gap,Shortage,Shortage,Shortage,Shortage,Regional Shortage,Shortage,Shortage,Shortage,Shortage
4112,"Dental Hygienists, Technicians and Therapists",At economy-wide average,Retention Gap,Shortage,Shortage,Shortage,Regional Shortage,Shortage,Shortage,Shortage,Shortage,Shortage
4113,Diversional Therapists,At economy-wide average,Retention Gap,Shortage,Shortage,Shortage,Shortage,Shortage,No Shortage,Shortage,Shortage,Shortage
4114,Enrolled and Mothercraft Nurses,At economy-wide average,Retention Gap,Shortage,Shortage,No Shortage,Shortage,Shortage,Shortage,Shortage,Shortage,Shortage
4115,Indigenous Health Workers,At economy-wide average,,No Shortage,No Shortage,No Shortage,No Shortage,Shortage,Shortage,No Shortage,Shortage,No Shortage
4116,Massage Therapists,At economy-wide average,,No Shortage,No Shortage,No Shortage,No Shortage,No Shortage,No Shortage,No Shortage,Shortage,No Shortage
4117,Welfare Support Workers,At economy-wide average,,No Shortage,No Shortage,No Shortage,No Shortage,No Shortage,No Shortage,No Shortage,Shortage,No Shortage
4211,Child Carers,Above economy-wide average,Retention Gap,Shortage,Shortage,Shortage,Shortage,Shortage,Shortage,Shortage,Shortage,Shortage
4221,Education Aides,At economy-wide average,,No Shortage,No Shortage,No Shortage,No Shortage,No Shortage,No Shortage,No Shortage,Shortage,No Shortage
4231,Aged and Disabled Carers,Above economy-wide average,Retention Gap,Shortage,Shortage,Shortage,Shortage,Shortage,Shortage,Shortage,Shortage,Shortage
4232,Dental Assistants,At economy-wide average,,No Shortage,No Shortage,No Shortage,No Shortage,No Shortage,No Shortage,No Shortage,Shortage,No Shortage
4233,Nursing Support and Personal Care Workers,At economy-wide average,Retention Gap,Shortage,Shortage,Shortage,Shortage,Shortage,Shortage,Shortage,Shortage,Shortage
4234,Special Care Workers,Above economy-wide average,,No Shortage,No Shortage,No Shortage,No Shortage,No Shortage,No Shortage,No Shortage,No Shortage,No Shortage
4311,Bar Attendants and Baristas,Above economy-wide average,,No Shortage,No Shortage,No Shortage,No Shortage,No Shortage,No Shortage,No Shortage,Shortage,No Shortage
4313,Gaming Workers,Above economy-wide average,,No Shortage,No Shortage,No Shortage,No Shortage,No Shortage,No Shortage,No Shortage,No Shortage,No Shortage
4314,Hotel Service Managers,At economy-wide average,,No Shortage,No Shortage,No Shortage,No Shortage,No Shortage,Shortage,No Shortage,No Shortage,No Shortage
4315,Waiters,Above economy-wide average,Retention Gap,Regional Shortage,Regional Shortage,Regional Shortage,Regional Shortage,Regional Shortage,Shortage,Regional Shortage,Regional Shortage,No Shortage
4412,Fire and Emergency Workers,Below economy-wide average,,No Shortage,No Shortage,No Shortage,No Shortage,No Shortage,Shortage,No Shortage,No Shortage,No Shortage
4413,Police,Below economy-wide average,,No Shortage,No Shortage,No Shortage,No Shortage,No Shortage,No Shortage,No Shortage,No Shortage,No Shortage
4421,Prison Officers,At economy-wide average,,No Shortage,No Shortage,No Shortage,No Shortage,No Shortage,No Shortage,No Shortage,Shortage,No Shortage
4422,Security Officers and Guards,At economy-wide average,Short Training Gap,Shortage,Shortage,Shortage,Shortage,Shortage,Shortage,Shortage,Shortage,Shortage
4511,Beauty Therapists,At economy-wide average,Long Training Gap,Shortage,Shortage,Shortage,Shortage,Shortage,Shortage,Shortage,Shortage,Shortage
4512,Driving Instructors,At economy-wide average,,No Shortage,No Shortage,No Shortage,No Shortage,No Shortage,No Shortage,No Shortage,No Shortage,No Shortage
4513,Funeral Workers,At economy-wide average,,No Shortage,No Shortage,No Shortage,No Shortage,No Shortage,No Shortage,No Shortage,No Shortage,No Shortage
4514,"Gallery, Museum and Tour Guides",Below economy-wide average,Short Training Gap,Shortage,Shortage,Shortage,Shortage,Shortage,Shortage,Shortage,Shortage,No Shortage
4515,Personal Care Consultants,At economy-wide average,,No Shortage,No Shortage,No Shortage,No Shortage,No Shortage,No Shortage,No Shortage,No Shortage,No Shortage
4516,Tourism and Travel Advisers,At economy-wide average,Short Training Gap,Shortage,Shortage,Shortage,Shortage,Shortage,Shortage,Shortage,Shortage,Shortage
4517,Travel Attendants,At economy-wide average,Yet to be Determined,Shortage,Shortage,Shortage,Shortage,Shortage,No Shortage,No Shortage,Shortage,Shortage
4518,Other Personal Service Workers,At economy-wide average,,No Shortage,No Shortage,No Shortage,No Shortage,No Shortage,No Shortage,No Shortage,No Shortage,No Shortage
4521,Fitness Instructors,Above economy-wide average,,No Shortage,No Shortage,No Shortage,No Shortage,No Shortage,No Shortage,No Shortage,Shortage,No Shortage
4522,Outdoor Adventure Guides,Above economy-wide average,,No Shortage,Shortage,No Shortage,No Shortage,No Shortage,No Shortage,No Shortage,No Shortage,No Shortage
4523,"Sports Coaches, Instructors and Officials",Above economy-wide average,,No Shortage,No Shortage,No Shortage,No Shortage,No Shortage,No Shortage,No Shortage,No Shortage,No Shortage
4524,Sportspersons,Above economy-wide average,,No Shortage,No Shortage,No Shortage,No Shortage,No Shortage,No Shortage,No Shortage,No Shortage,No Shortage
5111,"Contract, Program and Project Administrators",Above economy-wide average,,No Shortage,Shortage,No Shortage,No Shortage,Shortage,No Shortage,No Shortage,No Shortage,No Shortage
5121,Office Managers,At economy-wide average,,No Shortage,No Shortage,No Shortage,No Shortage,No Shortage,No Shortage,No Shortage,No Shortage,No Shortage
5122,Practice Managers,At economy-wide average,,No Shortage,No Shortage,No Shortage,No Shortage,Regional Shortage,Shortage,No Shortage,No Shortage,No Shortage
5211,Personal Assistants,Below economy-wide average,,No Shortage,No Shortage,No Shortage,No Shortage,No Shortage,No Shortage,No Shortage,No Shortage,No Shortage
5212,Secretaries,Below economy-wide average,,No Shortage,No Shortage,No Shortage,No Shortage,No Shortage,No Shortage,No Shortage,No Shortage,No Shortage
5311,General Clerks,At economy-wide average,,No Shortage,No Shortage,No Shortage,No Shortage,No Shortage,No Shortage,No Shortage,Shortage,No Shortage
5321,Keyboard Operators,At economy-wide average,,No Shortage,No Shortage,No Shortage,No Shortage,No Shortage,No Shortage,No Shortage,No Shortage,No Shortage
5411,Call or Contact Centre Workers,Above economy-wide average,,No Shortage,No Shortage,No Shortage,No Shortage,No Shortage,No Shortage,No Shortage,No Shortage,No Shortage
5412,Information Officers,Above economy-wide average,,No Shortage,No Shortage,Shortage,No Shortage,No Shortage,No Shortage,No Shortage,No Shortage,No Shortage
5421,Receptionists,At economy-wide average,,No Shortage,No Shortage,No Shortage,No Shortage,No Shortage,No Shortage,No Shortage,Shortage,No Shortage
5511,Accounting Clerks,At economy-wide average,,No Shortage,No Shortage,No Shortage,No Shortage,No Shortage,No Shortage,No Shortage,Shortage,No Shortage
5512,Bookkeepers,Below economy-wide average,,No Shortage,No Shortage,No Shortage,No Shortage,No Shortage,No Shortage,No Shortage,Shortage,No Shortage
5513,Payroll Clerks,At economy-wide average,,No Shortage,No Shortage,No Shortage,No Shortage,No Shortage,No Shortage,No Shortage,No Shortage,No Shortage
5521,Bank Workers,At economy-wide average,,No Shortage,No Shortage,No Shortage,No Shortage,No Shortage,No Shortage,No Shortage,No Shortage,No Shortage
5522,Credit and Loans Officers (Aus) / Finance Clerks (NZ),At economy-wide average,,No Shortage,No Shortage,No Shortage,No Shortage,No Shortage,No Shortage,No Shortage,No Shortage,No Shortage
5523,"Insurance, Money Market and Statistical Clerks",At economy-wide average,,No Shortage,No Shortage,Shortage,No Shortage,No Shortage,No Shortage,No Shortage,No Shortage,No Shortage
5911,Purchasing and Supply Logistics Clerks,At economy-wide average,,No Shortage,No Shortage,No Shortage,No Shortage,No Shortage,No Shortage,No Shortage,No Shortage,No Shortage
5912,Transport and Despatch Clerks,At economy-wide average,,No Shortage,No Shortage,No Shortage,No Shortage,No Shortage,No Shortage,No Shortage,No Shortage,No Shortage
5991,Conveyancers and Legal Executives,Above economy-wide average,,No Shortage,No Shortage,Shortage,No Shortage,Shortage,Shortage,Shortage,Shortage,No Shortage
5992,Court and Legal Clerks,Above economy-wide average,,No Shortage,No Shortage,No Shortage,No Shortage,No Shortage,No Shortage,No Shortage,No Shortage,No Shortage
5993,Debt Collectors,At economy-wide average,,No Shortage,No Shortage,No Shortage,No Shortage,No Shortage,No Shortage,No Shortage,No Shortage,No Shortage
5994,Human Resource Clerks,Above economy-wide average,,No Shortage,No Shortage,Shortage,No Shortage,No Shortage,No Shortage,No Shortage,No Shortage,No Shortage
5995,Inspectors and Regulatory Officers,Above economy-wide average,,No Shortage,No Shortage,No Shortage,No Shortage,No Shortage,No Shortage,No Shortage,No Shortage,No Shortage
5996,"Insurance Investigators, Loss Adjusters and Risk Surveyors",Above economy-wide average,Retention Gap,Shortage,Shortage,Shortage,Shortage,Shortage,No Shortage,Shortage,No Shortage,Shortage
5997,Library Assistants,At economy-wide average,,No Shortage,No Shortage,No Shortage,No Shortage,No Shortage,No Shortage,No Shortage,No Shortage,No Shortage
5999,Other Miscellaneous Clerical and Administrative Workers,Above economy-wide average,,No Shortage,No Shortage,No Shortage,No Shortage,No Shortage,No Shortage,No Shortage,No Shortage,No Shortage
6111,"Auctioneers, and Stock and Station Agents",At economy-wide average,,No Shortage,No Shortage,No Shortage,No Shortage,No Shortage,No Shortage,No Shortage,No Shortage,No Shortage
6112,Insurance Agents,At economy-wide average,,No Shortage,No Shortage,No Shortage,No Shortage,No Shortage,No Shortage,No Shortage,No Shortage,No Shortage
6113,Sales Representatives,At economy-wide average,,No Shortage,No Shortage,Shortage,No Shortage,No Shortage,No Shortage,No Shortage,No Shortage,No Shortage
6121,Real Estate Sales Agents,At economy-wide average,,No Shortage,No Shortage,No Shortage,No Shortage,No Shortage,No Shortage,No Shortage,Shortage,No Shortage
6213,Motor Vehicle and Vehicle Parts Salespersons,At economy-wide average,,No Shortage,No Shortage,Shortage,No Shortage,Shortage,No Shortage,No Shortage,Shortage,No Shortage
6214,Pharmacy Sales Assistants,At economy-wide average,,No Shortage,No Shortage,No Shortage,No Shortage,No Shortage,Shortage,No Shortage,No Shortage,No Shortage
6215,Retail Supervisors,At economy-wide average,,No Shortage,No Shortage,No Shortage,No Shortage,No Shortage,No Shortage,No Shortage,Shortage,No Shortage
6392,Retail and Wool Buyers,Above economy-wide average,,No Shortage,No Shortage,No Shortage,No Shortage,No Shortage,No Shortage,No Shortage,No Shortage,No Shortage
6395,Visual Merchandisers,At economy-wide average,,No Shortage,No Shortage,No Shortage,No Shortage,No Shortage,No Shortage,No Shortage,No Shortage,No Shortage
6399,Other Sales Support Workers,At economy-wide average,,No Shortage,No Shortage,Shortage,No Shortage,No Shortage,No Shortage,No Shortage,No Shortage,No Shortage
7111,"Clay, Concrete, Glass and Stone Processing Machine Operators",At economy-wide average,,No Shortage,No Shortage,No Shortage,No Shortage,No Shortage,No Shortage,No Shortage,No Shortage,No Shortage
7112,Industrial Spraypainters,At economy-wide average,Retention Gap,Shortage,Shortage,Shortage,Shortage,Shortage,Shortage,Shortage,Shortage,Shortage
7113,Paper and Wood Processing Machine Operators,At economy-wide average,,No Shortage,No Shortage,No Shortage,No Shortage,No Shortage,No Shortage,No Shortage,No Shortage,No Shortage
7114,Photographic Developers and Printers,At economy-wide average,,No Shortage,No Shortage,No Shortage,No Shortage,No Shortage,No Shortage,No Shortage,No Shortage,No Shortage
7115,Plastics and Rubber Production Machine Operators,Below economy-wide average,Retention Gap,Shortage,Shortage,Shortage,Shortage,Shortage,Shortage,Shortage,No Shortage,No Shortage
7116,Sewing Machinists,Below economy-wide average,,No Shortage,No Shortage,No Shortage,No Shortage,No Shortage,No Shortage,No Shortage,No Shortage,No Shortage
7117,Textile and Footwear Production Machine Operators,Below economy-wide average,,No Shortage,No Shortage,No Shortage,No Shortage,No Shortage,No Shortage,No Shortage,No Shortage,No Shortage
7119,Other Machine Operators,At economy-wide average,,No Shortage,No Shortage,No Shortage,No Shortage,No Shortage,No Shortage,No Shortage,No Shortage,No Shortage
7121,"Crane, Hoist and Lift Operators",At economy-wide average,Retention Gap,Shortage,Shortage,Shortage,Shortage,Shortage,Shortage,Shortage,Shortage,Shortage
7122,"Drillers, Miners and Shot Firers",At economy-wide average,Retention Gap,Shortage,Shortage,Shortage,Shortage,Shortage,Shortage,Shortage,Shortage,Shortage
7123,Engineering Production Workers,At economy-wide average,,No Shortage,No Shortage,No Shortage,No Shortage,No Shortage,No Shortage,No Shortage,No Shortage,No Shortage
7129,Other Stationary Plant Operators,At economy-wide average,,No Shortage,No Shortage,No Shortage,No Shortage,No Shortage,No Shortage,No Shortage,No Shortage,No Shortage
7211,"Agricultural, Forestry and Horticultural Plant Operators",Below economy-wide average,Yet to be Determined,Regional Shortage,Shortage,Regional Shortage,Regional Shortage,Regional Shortage,No Shortage,Regional Shortage,Regional Shortage,No Shortage
7212,Earthmoving Plant Operators,At economy-wide average,Yet to be Determined,Shortage,Shortage,Shortage,Shortage,Shortage,Shortage,Shortage,Shortage,Shortage
7213,Forklift Drivers,At economy-wide average,,No Shortage,No Shortage,No Shortage,No Shortage,No Shortage,No Shortage,No Shortage,Shortage,No Shortage
7219,Other Mobile Plant Operators,Below economy-wide average,Yet to be Determined,Shortage,Shortage,Shortage,Shortage,Shortage,Shortage,Shortage,Shortage,Shortage
7311,Automobile Drivers,Below economy-wide average,,No Shortage,No Shortage,Shortage,No Shortage,No Shortage,No Shortage,No Shortage,Shortage,No Shortage
7312,Bus and Coach Drivers,Below economy-wide average,Short Training Gap,Shortage,Shortage,Shortage,Shortage,Shortage,Shortage,Shortage,Shortage,Shortage
7313,Train and Tram Drivers,Below economy-wide average,Yet to be Determined,Shortage,Shortage,Shortage,Shortage,Shortage,Shortage,Shortage,Shortage,No Shortage
7321,Delivery Drivers,At economy-wide average,,No Shortage,No Shortage,No Shortage,No Shortage,No Shortage,No Shortage,No Shortage,No Shortage,No Shortage
7331,Truck Drivers,Below economy-wide average,Short Training Gap,Shortage,Shortage,Shortage,Shortage,Shortage,Shortage,Shortage,Shortage,Shortage
7411,Storepersons,At economy-wide average,,No Shortage,No Shortage,No Shortage,No Shortage,No Shortage,No Shortage,No Shortage,Shortage,No Shortage
8116,Other Cleaners,At economy-wide average,,No Shortage,No Shortage,No Shortage,No Shortage,No Shortage,No Shortage,No Shortage,No Shortage,No Shortage
8213,Fencers,At economy-wide average,,No Shortage,No Shortage,No Shortage,No Shortage,No Shortage,No Shortage,No Shortage,No Shortage,No Shortage
8214,Insulation and Home Improvement Installers,At economy-wide average,Retention Gap,Shortage,Shortage,Shortage,Shortage,Shortage,No Shortage,Shortage,Shortage,Shortage
8216,Railway Track Workers,At economy-wide average,Retention Gap,Shortage,Shortage,Shortage,Shortage,Shortage,Shortage,Shortage,No Shortage,No Shortage
8217,Structural Steel Construction Workers,At economy-wide average,Retention Gap,Shortage,Shortage,Shortage,Shortage,Shortage,Shortage,Shortage,Shortage,Shortage
8219,Other Construction and Mining Labourers,At economy-wide average,Retention Gap,Shortage,Shortage,Shortage,Shortage,Shortage,Shortage,No Shortage,Shortage,Shortage
8312,"Meat Boners and Slicers, and Slaughterers",At economy-wide average,Retention Gap,Shortage,Shortage,Shortage,Shortage,Shortage,Shortage,Shortage,Shortage,Shortage
8393,Product Quality Controllers,At economy-wide average,,No Shortage,No Shortage,No Shortage,No Shortage,No Shortage,No Shortage,No Shortage,No Shortage,No Shortage
8422,Crop Farm Workers,At economy-wide average,,No Shortage,Regional Shortage,No Shortage,Shortage,No Shortage,No Shortage,No Shortage,No Shortage,No Shortage
8423,Livestock Farm Workers,At economy-wide average,,No Shortage,Shortage,No Shortage,No Shortage,No Shortage,No Shortage,No Shortage,No Shortage,No Shortage
8431,Forestry and Logging Workers,At economy-wide average,,No Shortage,No Shortage,No Shortage,No Shortage,No Shortage,No Shortage,No Shortage,No Shortage,No Shortage
8434,Pest Control Technicians,At economy-wide average,,No Shortage,Shortage,No Shortage,No Shortage,No Shortage,No Shortage,No Shortage,No Shortage,No Shortage
8992,Deck and Fishing Hands,At economy-wide average,,No Shortage,Shortage,No Shortage,Shortage,No Shortage,No Shortage,No Shortage,No Shortage,No Shortage
8994,Motor Vehicle Parts and Accessories Fitters,At economy-wide average,,No Shortage,No Shortage,No Shortage,No Shortage,Shortage,No Shortage,No Shortage,No Shortage,No Shortage
8995,Printing Assistants and Table Workers,At economy-wide average,,No Shortage,No Shortage,No Shortage,No Shortage,No Shortage,No Shortage,No Shortage,No Shortage,No Shortage
